{"eval/loss": 1.8383352756500244, "eval/runtime": 2.5904, "eval/samples_per_second": 77.207, "eval/steps_per_second": 9.651, "train/epoch": 3.0, "train/global_step": 300, "_timestamp": 1721220960.2467797, "_runtime": 3193.093026638031, "_step": 10, "train/train_runtime": 471.8969, "train/train_samples_per_second": 5.086, "train/train_steps_per_second": 0.636, "train/total_flos": 78387609600000.0, "train/train_loss": 4.430859883626302, "train/loss": 2.2615, "train/grad_norm": 10.232335090637207, "train/learning_rate": 7.2999999999999996e-06}